Atom,Energy
He,-2.834835623617e+00
Ne,-9.321276323488e+01
Ar,-3.115354234134e+02
Kr,-1.270725739946e+03
