Molecule,Energy
CH3BH2,-6.526098292414e+01
CO2,-1.872869649866e+02
CrCO6,-1.717578728220e+03
H2O,-7.591339106057e+01
PH2OH,-4.166314606860e+02
