Molecule,Energy
CH3BH2,-6.531406366505e+01
CO2,-1.875622160864e+02
CrCO6,-1.731023809935e+03
H2O,-7.602452631769e+01
PH2OH,-4.183767637713e+02
